,name,code,year-month,day,NO<sub>2,SO<sub>2,PM2.5,PM10,O<sub>3,CO
342,AkakiTsereteliave.105,TSRT,2017-01,1,53.04,42.54,73.49,104.86,33.62,0.93
343,AkakiTsereteliave.105,TSRT,2017-01,2,53.42,79.62,21.01,40.85,32.25,1.23
344,AkakiTsereteliave.105,TSRT,2017-01,3,66.46,38.79,23.19,48.49,35.12,2.02
345,AkakiTsereteliave.105,TSRT,2017-01,4,77.42,44.33,34.96,64.30,20.00,2.42
346,AkakiTsereteliave.105,TSRT,2017-01,5,79.71,46.04,31.93,64.69,16.88,2.40
347,AkakiTsereteliave.105,TSRT,2017-01,6,83.25,49.96,44.23,79.14,16.62,2.64
348,AkakiTsereteliave.105,TSRT,2017-01,7,80.04,54.67,53.78,93.11,7.75,3.25
349,AkakiTsereteliave.105,TSRT,2017-01,8,82.83,56.83,61.07,99.53,9.25,4.00
350,AkakiTsereteliave.105,TSRT,2017-01,14,55.83,15.38,23.52,86.32,50.75,1.32
351,AkakiTsereteliave.105,TSRT,2017-01,15,67.50,13.92,42.69,67.65,34.75,1.50
352,AkakiTsereteliave.105,TSRT,2017-01,16,85.71,54.00,63.70,101.71,14.00,3.06
353,AkakiTsereteliave.105,TSRT,2017-01,17,88.04,20.54,105.55,165.03,6.12,3.64
354,AkakiTsereteliave.105,TSRT,2017-01,18,63.54,15.62,109.90,161.05,16.00,3.12
355,AkakiTsereteliave.105,TSRT,2017-01,19,56.50,14.96,77.02,100.87,31.75,1.14
356,AkakiTsereteliave.105,TSRT,2017-01,20,53.38,14.00,67.02,80.35,24.25,1.20
357,AkakiTsereteliave.105,TSRT,2017-01,21,57.08,15.96,45.87,72.17,26.25,1.30
358,AkakiTsereteliave.105,TSRT,2017-01,22,34.04,12.21,14.25,45.25,63.00,0.91
359,AkakiTsereteliave.105,TSRT,2017-01,23,52.67,50.88,11.01,35.97,43.75,1.20
360,AkakiTsereteliave.105,TSRT,2017-01,24,71.50,15.92,22.40,46.89,27.75,1.71
361,AkakiTsereteliave.105,TSRT,2017-01,25,80.67,19.75,45.79,80.31,11.75,2.33
362,AkakiTsereteliave.105,TSRT,2017-01,26,72.67,21.25,45.65,83.88,20.12,1.71
363,AkakiTsereteliave.105,TSRT,2017-01,27,56.21,16.38,19.11,47.65,49.38,1.55
364,AkakiTsereteliave.105,TSRT,2017-01,28,43.25,12.21,19.30,37.68,43.50,1.30
365,AkakiTsereteliave.105,TSRT,2017-01,29,45.96,13.25,16.31,27.89,60.12,1.18
366,AkakiTsereteliave.105,TSRT,2017-01,30,56.83,48.58,28.89,57.63,38.50,1.86
367,AkakiTsereteliave.105,TSRT,2017-01,31,61.88,12.00,32.02,68.97,37.00,1.82
368,Varketili,VRKT,2017-01,1,29.88,8.33,70.44,89.75,*,1.06
369,Varketili,VRKT,2017-01,2,18.58,8.54,16.98,22.97,*,0.47
370,Varketili,VRKT,2017-01,3,29.25,7.71,15.54,21.28,*,0.64
371,Varketili,VRKT,2017-01,4,25.21,40.67,19.62,27.31,*,0.85
372,Varketili,VRKT,2017-01,5,41.54,12.29,17.72,25.31,*,0.85
373,Varketili,VRKT,2017-01,6,37.75,11.33,24.61,34.39,*,0.85
374,Varketili,VRKT,2017-01,7,51.21,13.96,25.40,35.82,*,1.76
375,Varketili,VRKT,2017-01,8,52.00,12.92,31.86,48.80,*,2.51
376,Varketili,VRKT,2017-01,14,24.92,2.79,13.54,27.42,*,0.85
377,Varketili,VRKT,2017-01,15,46.75,3.46,35.62,50.84,*,1.77
378,Varketili,VRKT,2017-01,16,55.46,6.54,58.63,84.82,*,2.60
379,Varketili,VRKT,2017-01,17,63.21,6.33,69.67,101.46,*,2.00
380,Varketili,VRKT,2017-01,18,57.17,38.42,87.98,135.82,*,2.74
381,Varketili,VRKT,2017-01,19,40.46,4.50,76.54,110.13,*,1.02
382,Varketili,VRKT,2017-01,20,40.67,3.83,71.42,99.09,*,0.88
383,Varketili,VRKT,2017-01,21,24.29,2.88,46.52,69.40,*,0.97
384,Varketili,VRKT,2017-01,22,10.83,2.21,8.06,14.73,*,0.36
385,Varketili,VRKT,2017-01,23,16.00,2.17,4.21,9.69,*,0.39
386,Varketili,VRKT,2017-01,24,47.00,4.17,12.65,21.43,*,1.34
387,Varketili,VRKT,2017-01,25,42.00,38.12,30.97,52.48,*,1.89
388,Varketili,VRKT,2017-01,26,22.17,3.58,22.45,31.89,*,0.56
389,Varketili,VRKT,2017-01,27,15.33,2.42,6.44,11.95,*,0.36
390,Varketili,VRKT,2017-01,28,16.96,1.58,9.33,19.13,*,0.49
391,Varketili,VRKT,2017-01,29,26.54,2.38,10.77,20.15,*,0.80
392,Varketili,VRKT,2017-01,30,27.33,2.75,22.85,34.95,*,0.96
393,Varketili,VRKT,2017-01,31,37.29,1.79,18.91,31.54,*,0.75
422,AkakiTsereteliave.105,TSRT,2017-02,1,57.83,13.54,40.66,58.74,41.50,1.07
423,AkakiTsereteliave.105,TSRT,2017-02,2,38.38,15.50,19.89,42.84,63.75,0.84
424,AkakiTsereteliave.105,TSRT,2017-02,3,61.46,17.96,15.33,55.37,70.62,1.48
425,AkakiTsereteliave.105,TSRT,2017-02,4,86.62,16.79,39.89,83.45,18.00,1.89
426,AkakiTsereteliave.105,TSRT,2017-02,5,76.42,26.79,54.79,93.98,49.75,1.85
427,AkakiTsereteliave.105,TSRT,2017-02,6,71.58,63.71,38.44,69.78,36.88,2.02
428,AkakiTsereteliave.105,TSRT,2017-02,7,70.58,39.83,23.55,60.31,45.25,1.90
429,AkakiTsereteliave.105,TSRT,2017-02,8,64.38,24.50,35.79,80.92,30.62,2.11
430,AkakiTsereteliave.105,TSRT,2017-02,9,39.54,15.25,22.82,38.86,21.12,0.84
431,AkakiTsereteliave.105,TSRT,2017-02,10,28.29,12.21,9.26,12.49,36.12,0.55
432,AkakiTsereteliave.105,TSRT,2017-02,11,35.50,11.42,11.78,16.23,36.38,0.57
433,AkakiTsereteliave.105,TSRT,2017-02,12,38.58,12.33,16.52,24.31,43.62,0.93
434,AkakiTsereteliave.105,TSRT,2017-02,13,45.83,48.96,25.03,43.01,45.12,1.36
435,AkakiTsereteliave.105,TSRT,2017-02,14,54.04,28.88,20.05,33.05,41.88,1.30
436,AkakiTsereteliave.105,TSRT,2017-02,15,68.92,44.92,30.96,72.14,34.38,1.61
437,AkakiTsereteliave.105,TSRT,2017-02,16,55.88,39.75,22.07,61.47,41.25,1.10
438,AkakiTsereteliave.105,TSRT,2017-02,17,55.12,40.88,17.50,52.42,62.25,1.23
439,AkakiTsereteliave.105,TSRT,2017-02,18,64.00,43.88,18.26,50.24,43.25,1.23
440,AkakiTsereteliave.105,TSRT,2017-02,19,78.79,53.62,31.73,63.27,41.75,1.60
441,AkakiTsereteliave.105,TSRT,2017-02,20,78.42,91.96,38.88,79.02,43.75,2.41
442,AkakiTsereteliave.105,TSRT,2017-02,21,77.25,60.96,56.06,107.52,50.88,2.60
443,AkakiTsereteliave.105,TSRT,2017-02,22,73.38,61.21,35.74,84.56,52.38,1.94
444,AkakiTsereteliave.105,TSRT,2017-02,23,60.21,52.83,26.00,73.53,48.00,1.55
445,AkakiTsereteliave.105,TSRT,2017-02,24,74.67,53.38,23.36,64.16,25.62,1.60
446,AkakiTsereteliave.105,TSRT,2017-02,25,75.46,75.12,34.34,81.05,37.38,1.88
447,AkakiTsereteliave.105,TSRT,2017-02,26,57.38,43.83,33.01,89.93,42.12,1.81
448,AkakiTsereteliave.105,TSRT,2017-02,27,50.08,66.67,17.75,74.17,44.50,1.23
449,AkakiTsereteliave.105,TSRT,2017-02,28,69.21,57.42,30.80,72.71,37.50,1.44
450,Varketili,VRKT,2017-02,1,30.38,37.42,38.02,52.40,*,1.01
451,Varketili,VRKT,2017-02,2,10.54,2.67,13.95,22.18,*,0.44
452,Varketili,VRKT,2017-02,3,32.58,5.17,8.85,21.48,*,*
453,Varketili,VRKT,2017-02,4,67.83,10.04,28.77,46.50,*,*
454,Varketili,VRKT,2017-02,5,52.62,18.71,41.64,61.50,*,*
455,Varketili,VRKT,2017-02,6,37.46,14.67,23.61,33.81,*,*
456,Varketili,VRKT,2017-02,7,36.83,19.29,13.35,22.99,*,0.68
457,Varketili,VRKT,2017-02,8,42.42,47.79,20.98,37.44,*,1.01
458,Varketili,VRKT,2017-02,9,38.42,8.42,23.30,32.24,*,0.59
459,Varketili,VRKT,2017-02,10,31.96,7.08,13.54,16.12,*,0.53
460,Varketili,VRKT,2017-02,11,32.75,6.54,19.05,23.70,*,0.55
461,Varketili,VRKT,2017-02,12,31.54,6.38,21.99,27.38,*,0.56
462,Varketili,VRKT,2017-02,13,35.79,7.33,22.41,27.76,*,0.94
463,Varketili,VRKT,2017-02,14,39.17,7.04,23.15,29.70,*,0.90
464,Varketili,VRKT,2017-02,15,24.67,42.71,22.69,32.59,*,1.29
465,Varketili,VRKT,2017-02,16,19.42,6.42,10.12,19.99,*,0.51
466,Varketili,VRKT,2017-02,17,14.29,5.96,7.64,17.18,*,0.34
467,Varketili,VRKT,2017-02,18,29.71,8.25,9.70,19.52,*,0.78
468,Varketili,VRKT,2017-02,19,43.25,10.58,28.95,51.90,*,1.39
469,Varketili,VRKT,2017-02,20,70.46,13.75,33.65,64.32,*,1.69
470,Varketili,VRKT,2017-02,21,53.92,13.75,51.38,99.81,*,2.40
471,Varketili,VRKT,2017-02,22,28.12,45.96,22.68,42.58,*,0.86
472,Varketili,VRKT,2017-02,23,17.67,9.12,13.64,26.49,*,0.66
473,Varketili,VRKT,2017-02,24,24.00,10.25,10.99,20.71,*,0.54
474,Varketili,VRKT,2017-02,25,35.46,15.00,16.88,28.51,*,0.65
475,Varketili,VRKT,2017-02,26,19.88,10.04,19.01,42.42,*,0.80
476,Varketili,VRKT,2017-02,27,29.17,6.96,11.93,39.94,*,0.90
477,Varketili,VRKT,2017-02,28,39.79,13.17,26.80,54.33,*,1.23
496,AkakiTsereteliave.105,TSRT,2017-03,1,76.75,56.08,40.51,81.70,39.75,1.59
497,AkakiTsereteliave.105,TSRT,2017-03,2,69.92,48.17,48.71,94.29,46.38,2.08
498,AkakiTsereteliave.105,TSRT,2017-03,3,83.75,49.38,56.26,101.32,24.12,2.10
499,AkakiTsereteliave.105,TSRT,2017-03,4,37.38,38.38,48.42,95.41,65.88,2.26
500,AkakiTsereteliave.105,TSRT,2017-03,5,43.29,40.83,13.42,42.88,61.12,1.16
501,AkakiTsereteliave.105,TSRT,2017-03,16,48.42,11.54,*,*,43.50,1.19
502,AkakiTsereteliave.105,TSRT,2017-03,17,50.17,11.50,14.39,40.48,58.62,1.12
503,AkakiTsereteliave.105,TSRT,2017-03,18,59.46,12.38,24.17,55.51,42.25,1.39
504,AkakiTsereteliave.105,TSRT,2017-03,19,47.71,11.79,16.87,41.31,68.75,1.27
505,AkakiTsereteliave.105,TSRT,2017-03,20,54.29,47.88,19.52,77.06,70.12,1.46
506,AkakiTsereteliave.105,TSRT,2017-03,21,38.12,10.54,16.18,111.52,80.75,0.97
507,AkakiTsereteliave.105,TSRT,2017-03,22,53.50,12.92,15.08,38.73,61.38,1.09
508,AkakiTsereteliave.105,TSRT,2017-03,23,46.50,13.12,16.28,37.06,66.50,1.07
509,AkakiTsereteliave.105,TSRT,2017-03,24,53.54,12.83,18.66,40.83,60.38,0.96
510,AkakiTsereteliave.105,TSRT,2017-03,25,39.54,11.12,20.80,45.68,54.50,0.99
511,AkakiTsereteliave.105,TSRT,2017-03,26,75.08,13.46,28.59,54.17,46.50,1.12
512,AkakiTsereteliave.105,TSRT,2017-03,27,68.71,48.88,31.56,67.55,57.50,1.46
513,AkakiTsereteliave.105,TSRT,2017-03,28,51.96,12.12,19.14,47.99,76.12,1.00
514,AkakiTsereteliave.105,TSRT,2017-03,29,61.38,13.46,19.55,44.82,56.50,1.00
515,AkakiTsereteliave.105,TSRT,2017-03,30,62.08,13.04,21.60,49.13,55.50,1.07
516,AkakiTsereteliave.105,TSRT,2017-03,31,63.54,15.17,24.04,52.82,40.00,1.27
517,Varketili,VRKT,2017-03,1,58.79,50.38,33.71,64.25,*,1.32
518,Varketili,VRKT,2017-03,2,55.21,12.21,51.86,92.55,*,1.95
519,Varketili,VRKT,2017-03,16,14.58,5.50,*,*,*,0.41
520,Varketili,VRKT,2017-03,17,20.96,5.12,7.80,16.53,*,0.59
521,Varketili,VRKT,2017-03,18,26.96,5.00,17.11,32.95,*,0.62
522,Varketili,VRKT,2017-03,19,27.58,4.96,13.57,25.60,*,0.86
523,Varketili,VRKT,2017-03,20,21.50,6.00,13.04,32.08,*,0.96
524,Varketili,VRKT,2017-03,21,12.25,4.83,7.73,27.72,*,0.34
525,Varketili,VRKT,2017-03,22,14.96,40.12,9.07,17.66,*,0.55
526,Varketili,VRKT,2017-03,23,18.08,6.29,10.10,17.32,*,0.40
527,Varketili,VRKT,2017-03,24,17.25,5.42,12.32,21.01,*,0.40
528,Varketili,VRKT,2017-03,25,28.42,4.83,17.06,30.95,*,0.66
529,Varketili,VRKT,2017-03,26,53.29,6.54,30.41,52.30,*,1.50
530,Varketili,VRKT,2017-03,27,39.96,7.21,30.08,53.93,*,1.20
531,Varketili,VRKT,2017-03,28,12.12,5.75,12.84,28.56,*,0.35
532,Varketili,VRKT,2017-03,29,11.96,40.46,11.74,21.90,*,0.54
533,Varketili,VRKT,2017-03,30,29.54,6.08,14.52,27.12,*,0.88
534,Varketili,VRKT,2017-03,31,32.96,6.83,22.07,43.45,*,1.39
563,LadoAsatianistreet,KUTS,2017-04,30,*,*,15.00,33.62,*,*
564,AkakiTsereteliave.105,TSRT,2017-04,1,32.04,11.50,21.22,51.66,70.00,0.90
565,AkakiTsereteliave.105,TSRT,2017-04,2,39.92,11.79,16.88,34.77,61.50,0.94
566,AkakiTsereteliave.105,TSRT,2017-04,3,43.08,46.12,13.03,26.75,40.12,1.01
567,AkakiTsereteliave.105,TSRT,2017-04,4,63.00,14.38,22.13,45.72,48.25,1.41
568,AkakiTsereteliave.105,TSRT,2017-04,5,71.92,13.96,25.89,57.07,53.12,1.21
569,AkakiTsereteliave.105,TSRT,2017-04,6,76.92,13.92,26.93,58.53,51.38,1.29
570,AkakiTsereteliave.105,TSRT,2017-04,7,80.88,14.96,26.67,60.76,53.62,1.20
571,AkakiTsereteliave.105,TSRT,2017-04,8,45.88,13.29,19.87,52.04,84.88,0.95
572,AkakiTsereteliave.105,TSRT,2017-04,9,45.75,12.67,14.40,38.16,64.88,1.00
573,AkakiTsereteliave.105,TSRT,2017-04,10,53.25,48.33,10.40,34.67,81.12,1.34
574,AkakiTsereteliave.105,TSRT,2017-04,11,65.71,16.17,19.66,41.47,39.00,1.77
575,AkakiTsereteliave.105,TSRT,2017-04,12,54.50,12.79,18.22,34.29,61.50,1.45
576,AkakiTsereteliave.105,TSRT,2017-04,13,87.04,16.92,31.18,70.66,19.88,2.17
577,AkakiTsereteliave.105,TSRT,2017-04,14,67.21,16.88,35.00,80.10,49.75,1.93
578,AkakiTsereteliave.105,TSRT,2017-04,15,51.00,14.79,14.69,41.53,65.25,0.81
579,AkakiTsereteliave.105,TSRT,2017-04,16,40.96,13.75,13.39,33.65,79.00,0.60
580,AkakiTsereteliave.105,TSRT,2017-04,17,44.88,49.29,14.81,31.49,75.88,0.81
581,AkakiTsereteliave.105,TSRT,2017-04,18,71.92,15.29,20.19,47.63,49.50,1.29
582,AkakiTsereteliave.105,TSRT,2017-04,19,44.96,14.00,19.49,55.90,67.12,1.10
583,AkakiTsereteliave.105,TSRT,2017-04,20,45.38,14.17,11.76,46.54,65.50,0.80
584,AkakiTsereteliave.105,TSRT,2017-04,21,58.29,14.71,17.13,47.64,58.00,1.01
585,AkakiTsereteliave.105,TSRT,2017-04,22,42.29,14.38,18.82,60.74,65.88,0.91
586,AkakiTsereteliave.105,TSRT,2017-04,23,63.17,14.17,16.41,56.64,39.50,1.00
587,AkakiTsereteliave.105,TSRT,2017-04,24,53.67,49.46,15.99,45.81,80.88,1.07
588,AkakiTsereteliave.105,TSRT,2017-04,25,48.33,14.17,15.81,45.55,79.38,0.96
589,AkakiTsereteliave.105,TSRT,2017-04,26,58.29,14.25,15.68,44.47,43.75,0.99
590,AkakiTsereteliave.105,TSRT,2017-04,27,55.54,14.04,17.52,44.29,53.12,0.97
591,AkakiTsereteliave.105,TSRT,2017-04,28,72.67,15.17,*,*,34.62,1.16
592,AkakiTsereteliave.105,TSRT,2017-04,29,65.50,14.83,*,*,40.25,1.18
593,AkakiTsereteliave.105,TSRT,2017-04,30,64.12,15.17,*,*,36.88,1.06
594,Varketili,VRKT,2017-04,1,21.58,6.04,17.66,39.62,*,0.59
595,Varketili,VRKT,2017-04,2,21.88,5.38,16.09,28.49,*,0.59
596,Varketili,VRKT,2017-04,3,32.33,5.21,13.86,20.60,*,0.96
597,Varketili,VRKT,2017-04,4,38.12,6.75,20.98,44.19,*,1.06
598,Varketili,VRKT,2017-04,5,37.38,41.58,22.15,46.32,*,1.24
599,Varketili,VRKT,2017-04,6,43.33,6.25,19.59,43.11,*,0.78
600,Varketili,VRKT,2017-04,7,42.50,7.17,20.31,44.32,*,0.72
601,Varketili,VRKT,2017-04,8,20.88,6.25,16.58,40.27,*,0.47
602,Varketili,VRKT,2017-04,9,17.04,6.38,10.45,27.47,*,0.54
603,Varketili,VRKT,2017-04,10,11.29,5.88,5.18,17.30,*,0.29
604,Varketili,VRKT,2017-04,11,33.79,6.54,10.03,16.26,*,0.69
605,Varketili,VRKT,2017-04,12,21.96,41.62,11.09,16.82,*,0.56
606,Varketili,VRKT,2017-04,13,67.50,6.83,25.65,47.82,*,1.10
607,Varketili,VRKT,2017-04,14,46.96,6.25,25.72,46.81,*,1.39
608,Varketili,VRKT,2017-04,15,13.29,5.79,8.44,18.57,*,0.31
609,Varketili,VRKT,2017-04,16,12.25,5.71,8.62,15.52,*,0.29
610,Varketili,VRKT,2017-04,17,24.88,5.79,12.26,21.02,*,0.46
611,Varketili,VRKT,2017-04,18,38.46,6.83,14.34,29.41,*,0.85
612,Varketili,VRKT,2017-04,19,18.92,41.62,13.85,35.28,*,1.24
613,Varketili,VRKT,2017-04,20,17.96,6.08,6.88,23.81,*,0.38
614,Varketili,VRKT,2017-04,21,27.38,7.29,12.27,31.84,*,0.57
615,Varketili,VRKT,2017-04,22,16.21,7.67,13.69,39.22,*,0.68
616,Varketili,VRKT,2017-04,23,21.83,5.25,9.16,26.52,*,0.41
617,Varketili,VRKT,2017-04,24,10.42,6.33,8.57,20.52,*,0.39
618,Varketili,VRKT,2017-04,25,11.12,6.83,5.29,13.03,*,0.26
619,Varketili,VRKT,2017-04,26,15.00,40.75,6.31,14.75,*,0.51
620,Varketili,VRKT,2017-04,27,18.25,5.17,9.61,23.36,*,0.35
621,Varketili,VRKT,2017-04,28,23.12,6.29,11.02,27.06,*,0.50
622,Varketili,VRKT,2017-04,29,35.04,6.17,*,*,*,0.68
623,Varketili,VRKT,2017-04,30,37.92,5.92,*,*,*,0.66
653,LadoAsatianistreet,KUTS,2017-05,1,*,*,15.87,39.57,*,*
654,LadoAsatianistreet,KUTS,2017-05,2,*,*,15.29,43.68,*,*
655,AkakiTsereteliave.105,TSRT,2017-05,1,69.58,49.50,*,*,50.50,1.14
656,AkakiTsereteliave.105,TSRT,2017-05,2,67.75,10.71,24.73,63.38,44.62,1.11
657,AkakiTsereteliave.105,TSRT,2017-05,3,60.25,10.17,24.27,59.26,41.75,1.52
658,AkakiTsereteliave.105,TSRT,2017-05,4,55.21,10.96,22.21,55.38,69.62,1.29
659,AkakiTsereteliave.105,TSRT,2017-05,5,59.13,12.39,23.64,63.03,59.38,1.29
660,AkakiTsereteliave.105,TSRT,2017-05,6,55.67,10.88,26.81,76.56,53.12,1.39
661,AkakiTsereteliave.105,TSRT,2017-05,7,60.04,11.25,19.37,52.90,52.00,1.00
662,AkakiTsereteliave.105,TSRT,2017-05,8,64.71,46.50,17.94,54.48,47.50,1.19
663,AkakiTsereteliave.105,TSRT,2017-05,9,64.29,12.29,17.32,53.97,38.62,1.12
664,AkakiTsereteliave.105,TSRT,2017-05,10,64.96,12.58,22.04,67.37,26.50,1.46
665,AkakiTsereteliave.105,TSRT,2017-05,11,62.58,12.33,18.81,53.49,22.75,1.31
666,AkakiTsereteliave.105,TSRT,2017-05,12,45.96,11.35,13.20,38.48,54.75,1.12
667,AkakiTsereteliave.105,TSRT,2017-05,13,44.70,11.00,14.71,47.54,46.29,0.76
668,AkakiTsereteliave.105,TSRT,2017-05,14,53.33,11.08,17.18,51.53,55.50,0.88
669,AkakiTsereteliave.105,TSRT,2017-05,15,56.75,46.88,18.65,55.75,53.62,1.16
670,AkakiTsereteliave.105,TSRT,2017-05,16,42.83,12.17,15.05,65.65,66.00,1.05
671,AkakiTsereteliave.105,TSRT,2017-05,17,48.25,12.67,18.02,69.62,58.25,1.30
672,AkakiTsereteliave.105,TSRT,2017-05,18,47.55,12.32,19.38,53.48,48.14,1.19
673,AkakiTsereteliave.105,TSRT,2017-05,19,60.00,13.74,23.12,58.80,28.38,1.82
674,AkakiTsereteliave.105,TSRT,2017-05,20,51.83,14.04,20.52,48.26,28.25,1.71
675,AkakiTsereteliave.105,TSRT,2017-05,21,44.00,11.92,11.27,34.47,57.12,0.93
676,AkakiTsereteliave.105,TSRT,2017-05,22,50.92,47.96,12.65,40.49,43.50,0.89
677,AkakiTsereteliave.105,TSRT,2017-05,23,44.25,12.62,15.78,46.32,53.25,1.18
678,AkakiTsereteliave.105,TSRT,2017-05,24,56.54,12.83,16.20,52.18,73.12,1.19
679,AkakiTsereteliave.105,TSRT,2017-05,25,59.88,14.21,14.15,40.44,70.00,1.52
680,AkakiTsereteliave.105,TSRT,2017-05,26,68.12,14.12,17.33,45.56,42.75,1.40
681,AkakiTsereteliave.105,TSRT,2017-05,27,60.09,13.61,18.93,48.93,50.25,1.13
682,AkakiTsereteliave.105,TSRT,2017-05,28,59.79,14.12,17.78,46.00,29.62,1.29
683,AkakiTsereteliave.105,TSRT,2017-05,29,49.38,48.54,16.18,44.86,49.12,1.07
684,AkakiTsereteliave.105,TSRT,2017-05,30,67.62,14.17,18.67,52.11,47.88,1.09
685,AkakiTsereteliave.105,TSRT,2017-05,31,60.00,13.67,19.49,54.24,32.25,1.05
686,Varketili,VRKT,2017-05,1,26.71,5.67,*,*,*,0.80
687,Varketili,VRKT,2017-05,2,31.54,5.12,*,*,*,0.60
688,Varketili,VRKT,2017-05,3,31.38,39.67,18.12,39.82,*,0.85
689,Varketili,VRKT,2017-05,4,12.92,5.00,13.85,25.57,*,0.41
690,Varketili,VRKT,2017-05,5,17.04,5.79,14.58,29.59,*,0.34
691,Varketili,VRKT,2017-05,6,21.71,4.50,15.00,32.97,*,0.45
692,Varketili,VRKT,2017-05,7,34.42,4.96,13.85,30.68,*,0.95
693,Varketili,VRKT,2017-05,8,19.96,5.00,9.50,20.19,*,0.42
694,Varketili,VRKT,2017-05,9,27.21,5.21,7.28,16.83,*,0.74
695,Varketili,VRKT,2017-05,10,33.58,40.38,13.01,32.43,*,1.29
696,Varketili,VRKT,2017-05,11,15.00,4.79,10.44,23.22,*,0.57
697,Varketili,VRKT,2017-05,12,14.29,4.83,4.30,9.82,*,0.31
698,Varketili,VRKT,2017-05,13,21.12,4.75,10.00,25.78,*,0.54
699,Varketili,VRKT,2017-05,14,35.46,5.46,13.43,36.98,*,1.11
700,Varketili,VRKT,2017-05,15,19.42,5.54,12.33,30.23,*,0.74
701,Varketili,VRKT,2017-05,16,8.33,8.17,4.62,17.81,*,0.21
702,Varketili,VRKT,2017-05,17,10.96,54.62,4.21,15.93,*,0.44
703,Varketili,VRKT,2017-05,18,24.96,18.92,9.58,20.40,*,0.47
704,Varketili,VRKT,2017-05,19,40.21,16.42,17.46,33.76,*,0.80
705,Varketili,VRKT,2017-05,20,29.88,13.67,13.69,23.11,*,0.85
706,Varketili,VRKT,2017-05,21,12.96,9.67,5.49,10.30,*,0.29
707,Varketili,VRKT,2017-05,22,19.12,9.04,5.82,12.51,*,0.45
708,Varketili,VRKT,2017-05,23,18.96,3.25,9.35,23.73,*,0.44
709,Varketili,VRKT,2017-05,24,12.42,39.83,6.11,16.92,*,0.47
710,Varketili,VRKT,2017-05,25,18.25,4.50,4.25,10.50,*,0.33
711,Varketili,VRKT,2017-05,26,23.29,5.04,7.01,18.84,*,0.51
712,Varketili,VRKT,2017-05,27,32.75,4.50,12.39,24.67,*,0.65
713,Varketili,VRKT,2017-05,28,19.71,5.04,12.00,23.45,*,0.42
714,Varketili,VRKT,2017-05,29,21.38,5.54,9.10,17.23,*,0.44
715,Varketili,VRKT,2017-05,30,24.21,4.04,11.80,26.62,*,0.53
716,Varketili,VRKT,2017-05,31,20.08,39.54,11.96,28.71,*,1.05
747,LadoAsatianistreet,KUTS,2017-06,7,*,*,15.70,42.19,*,*
748,LadoAsatianistreet,KUTS,2017-06,8,*,*,15.42,35.80,*,*
749,LadoAsatianistreet,KUTS,2017-06,9,*,*,14.70,39.49,*,*
750,LadoAsatianistreet,KUTS,2017-06,10,*,*,14.49,38.12,*,*
751,LadoAsatianistreet,KUTS,2017-06,11,*,*,7.99,19.41,*,*
752,LadoAsatianistreet,KUTS,2017-06,12,*,*,7.69,19.36,*,*
753,LadoAsatianistreet,KUTS,2017-06,13,*,*,11.40,27.56,*,*
754,LadoAsatianistreet,KUTS,2017-06,14,*,*,13.66,36.63,*,*
755,LadoAsatianistreet,KUTS,2017-06,15,*,*,14.87,27.71,*,*
756,LadoAsatianistreet,KUTS,2017-06,16,*,*,11.14,21.81,*,*
757,LadoAsatianistreet,KUTS,2017-06,17,*,*,10.72,28.49,*,*
758,LadoAsatianistreet,KUTS,2017-06,18,*,*,9.54,34.16,*,*
759,LadoAsatianistreet,KUTS,2017-06,19,*,*,9.66,29.45,*,*
760,LadoAsatianistreet,KUTS,2017-06,20,*,*,9.78,25.24,*,*
761,LadoAsatianistreet,KUTS,2017-06,21,*,*,6.49,18.87,*,*
762,LadoAsatianistreet,KUTS,2017-06,22,*,*,10.24,35.81,*,*
763,LadoAsatianistreet,KUTS,2017-06,23,*,*,9.89,25.01,*,*
764,LadoAsatianistreet,KUTS,2017-06,24,*,*,16.00,43.07,*,*
765,LadoAsatianistreet,KUTS,2017-06,25,*,*,13.98,41.16,*,*
766,LadoAsatianistreet,KUTS,2017-06,26,*,*,15.24,39.94,*,*
767,LadoAsatianistreet,KUTS,2017-06,27,*,*,17.75,57.40,*,*
768,LadoAsatianistreet,KUTS,2017-06,28,*,*,18.05,43.98,*,*
769,LadoAsatianistreet,KUTS,2017-06,29,*,*,17.01,39.50,*,*
770,LadoAsatianistreet,KUTS,2017-06,30,*,*,15.41,34.43,*,*
771,AkakiTsereteliave.105,TSRT,2017-06,1,52.96,14.88,16.70,49.91,63.75,1.01
772,AkakiTsereteliave.105,TSRT,2017-06,2,46.50,14.67,18.03,51.66,75.12,0.91
773,AkakiTsereteliave.105,TSRT,2017-06,3,57.79,14.50,19.02,56.79,75.75,0.93
774,AkakiTsereteliave.105,TSRT,2017-06,4,56.12,15.67,18.51,46.79,68.62,0.84
775,AkakiTsereteliave.105,TSRT,2017-06,5,58.21,50.42,18.50,44.59,49.75,0.96
776,AkakiTsereteliave.105,TSRT,2017-06,6,54.54,15.29,21.38,53.15,64.12,1.04
777,AkakiTsereteliave.105,TSRT,2017-06,7,61.88,14.33,19.29,55.42,37.62,1.12
778,AkakiTsereteliave.105,TSRT,2017-06,8,49.46,151.00,*,*,61.38,1.23
779,AkakiTsereteliave.105,TSRT,2017-06,9,68.00,88.67,*,*,53.50,1.20
780,AkakiTsereteliave.105,TSRT,2017-06,10,67.12,19.17,*,*,38.25,1.46
781,AkakiTsereteliave.105,TSRT,2017-06,11,52.21,20.04,16.83,40.87,48.12,1.36
782,AkakiTsereteliave.105,TSRT,2017-06,12,50.42,53.96,13.81,38.51,57.88,1.01
783,AkakiTsereteliave.105,TSRT,2017-06,13,57.17,15.96,16.09,39.95,66.88,1.31
784,AkakiTsereteliave.105,TSRT,2017-06,14,56.54,17.33,18.36,45.72,45.38,1.38
785,AkakiTsereteliave.105,TSRT,2017-06,15,49.21,16.62,15.14,39.18,41.38,1.14
786,AkakiTsereteliave.105,TSRT,2017-06,16,56.83,17.33,15.40,39.58,57.75,1.01
787,AkakiTsereteliave.105,TSRT,2017-06,17,55.54,18.67,15.03,35.15,63.12,0.85
788,AkakiTsereteliave.105,TSRT,2017-06,18,52.29,17.83,14.21,34.48,56.75,0.99
789,AkakiTsereteliave.105,TSRT,2017-06,19,67.92,55.04,16.41,38.08,41.50,1.00
790,AkakiTsereteliave.105,TSRT,2017-06,20,61.54,19.08,19.05,51.97,27.75,1.31
791,AkakiTsereteliave.105,TSRT,2017-06,21,60.67,22.38,13.06,41.49,71.25,1.30
792,AkakiTsereteliave.105,TSRT,2017-06,22,62.78,40.89,17.21,46.62,*,*
793,AkakiTsereteliave.105,TSRT,2017-06,23,50.88,61.04,16.39,41.92,68.38,1.05
794,AkakiTsereteliave.105,TSRT,2017-06,24,55.29,78.58,19.47,43.90,60.12,0.79
795,AkakiTsereteliave.105,TSRT,2017-06,25,56.33,80.75,17.07,40.03,52.12,0.82
796,AkakiTsereteliave.105,TSRT,2017-06,26,50.83,112.67,17.89,46.12,74.75,0.89
797,AkakiTsereteliave.105,TSRT,2017-06,27,62.96,101.35,22.81,53.44,76.88,1.31
798,AkakiTsereteliave.105,TSRT,2017-06,28,59.04,112.67,24.25,52.72,66.00,1.39
799,AkakiTsereteliave.105,TSRT,2017-06,29,64.12,85.17,22.27,49.84,42.38,1.15
800,AkakiTsereteliave.105,TSRT,2017-06,30,40.88,79.50,19.36,46.19,47.12,1.01
801,Varketili,VRKT,2017-06,1,11.35,5.61,7.82,16.82,*,0.21
802,Varketili,VRKT,2017-06,2,9.75,4.71,9.24,20.12,*,0.20
803,Varketili,VRKT,2017-06,3,11.54,4.29,11.02,23.09,*,0.20
804,Varketili,VRKT,2017-06,4,16.29,4.42,10.48,20.08,*,0.29
805,Varketili,VRKT,2017-06,5,16.75,4.46,13.96,32.06,*,0.34
806,Varketili,VRKT,2017-06,6,15.83,4.54,14.43,34.09,*,0.33
807,Varketili,VRKT,2017-06,7,18.54,38.88,12.46,28.90,*,0.57
808,Varketili,VRKT,2017-06,8,18.38,5.00,10.16,21.77,*,0.40
809,Varketili,VRKT,2017-06,9,26.62,4.29,10.97,23.07,*,0.47
810,Varketili,VRKT,2017-06,10,34.21,4.58,*,*,*,0.81
811,Varketili,VRKT,2017-06,11,10.54,4.58,*,*,*,0.40
812,Varketili,VRKT,2017-06,12,10.92,5.67,*,*,*,0.20
813,Varketili,VRKT,2017-06,13,16.04,3.96,6.84,13.87,*,0.27
814,Varketili,VRKT,2017-06,14,17.29,38.33,10.10,22.30,*,0.54
815,Varketili,VRKT,2017-06,15,10.62,5.54,8.75,18.27,*,0.33
816,Varketili,VRKT,2017-06,16,12.29,4.96,7.39,15.41,*,0.21
817,Varketili,VRKT,2017-06,17,17.75,4.67,5.95,12.08,*,0.34
818,Varketili,VRKT,2017-06,18,17.67,5.04,8.52,17.69,*,0.36
819,Varketili,VRKT,2017-06,19,27.46,5.12,11.11,22.56,*,0.49
820,Varketili,VRKT,2017-06,20,18.62,3.92,11.12,24.21,*,0.35
821,Varketili,VRKT,2017-06,21,12.88,39.42,5.72,14.42,*,0.45
822,Varketili,VRKT,2017-06,22,15.00,5.00,5.53,12.75,*,*
823,Varketili,VRKT,2017-06,23,12.04,5.71,5.81,12.98,*,0.23
824,Varketili,VRKT,2017-06,24,20.38,5.88,9.48,18.09,*,0.44
825,Varketili,VRKT,2017-06,25,14.58,6.88,9.78,20.40,*,0.46
826,Varketili,VRKT,2017-06,26,15.29,5.79,10.08,22.65,*,0.33
827,Varketili,VRKT,2017-06,29,20.29,8.54,*,*,*,0.35
828,Varketili,VRKT,2017-06,30,14.08,9.17,11.09,25.80,*,0.33
856,LadoAsatianistreet,KUTS,2017-07,1,*,*,14.49,36.57,*,*
857,LadoAsatianistreet,KUTS,2017-07,2,*,*,15.20,45.03,*,*
858,LadoAsatianistreet,KUTS,2017-07,3,*,*,16.30,57.13,*,*
859,LadoAsatianistreet,KUTS,2017-07,4,*,*,20.31,74.23,*,*
860,LadoAsatianistreet,KUTS,2017-07,5,*,*,15.68,49.37,*,*
861,LadoAsatianistreet,KUTS,2017-07,6,*,*,14.06,35.71,*,*
862,LadoAsatianistreet,KUTS,2017-07,7,*,*,9.58,23.39,*,*
863,LadoAsatianistreet,KUTS,2017-07,12,*,*,13.33,33.57,*,*
864,LadoAsatianistreet,KUTS,2017-07,13,*,*,15.10,44.29,*,*
865,LadoAsatianistreet,KUTS,2017-07,14,*,*,14.88,44.32,*,*
866,LadoAsatianistreet,KUTS,2017-07,15,*,*,14.49,35.97,*,*
867,LadoAsatianistreet,KUTS,2017-07,16,*,*,14.75,34.21,*,*
868,LadoAsatianistreet,KUTS,2017-07,17,*,*,18.20,48.42,*,*
869,LadoAsatianistreet,KUTS,2017-07,18,*,*,18.42,52.88,*,*
870,LadoAsatianistreet,KUTS,2017-07,19,*,*,18.55,44.33,*,*
871,LadoAsatianistreet,KUTS,2017-07,20,*,*,16.20,36.16,*,*
872,LadoAsatianistreet,KUTS,2017-07,21,*,*,10.24,24.96,*,*
873,LadoAsatianistreet,KUTS,2017-07,22,*,*,10.93,28.79,*,*
874,LadoAsatianistreet,KUTS,2017-07,23,*,*,6.78,17.45,*,*
875,LadoAsatianistreet,KUTS,2017-07,24,*,*,12.06,27.25,*,*
876,LadoAsatianistreet,KUTS,2017-07,25,*,*,15.92,37.43,*,*
877,LadoAsatianistreet,KUTS,2017-07,26,*,*,15.33,36.27,*,*
878,AkakiTsereteliave.105,TSRT,2017-07,1,45.50,97.71,15.80,37.58,66.00,0.85
879,AkakiTsereteliave.105,TSRT,2017-07,2,61.54,103.04,16.62,41.18,70.00,0.79
880,AkakiTsereteliave.105,TSRT,2017-07,3,68.83,141.58,19.73,47.23,56.62,1.02
881,AkakiTsereteliave.105,TSRT,2017-07,4,69.46,116.04,23.08,55.72,62.75,1.02
882,AkakiTsereteliave.105,TSRT,2017-07,5,39.25,70.50,19.88,55.64,67.38,0.90
883,AkakiTsereteliave.105,TSRT,2017-07,6,39.04,28.83,15.93,46.57,81.75,0.75
884,AkakiTsereteliave.105,TSRT,2017-07,7,55.62,18.67,15.82,34.42,31.62,1.26
885,AkakiTsereteliave.105,TSRT,2017-07,8,55.42,14.38,16.72,45.85,74.75,1.04
886,AkakiTsereteliave.105,TSRT,2017-07,9,39.54,11.79,16.04,40.38,56.38,1.04
887,AkakiTsereteliave.105,TSRT,2017-07,10,41.33,50.92,14.37,40.71,44.62,1.09
888,AkakiTsereteliave.105,TSRT,2017-07,11,35.58,12.29,14.74,36.64,59.00,0.86
889,AkakiTsereteliave.105,TSRT,2017-07,12,53.29,15.83,17.04,42.83,65.50,0.80
890,AkakiTsereteliave.105,TSRT,2017-07,13,57.42,13.58,17.78,47.18,54.38,1.07
891,AkakiTsereteliave.105,TSRT,2017-07,14,59.17,17.00,19.32,50.81,67.25,1.14
892,AkakiTsereteliave.105,TSRT,2017-07,15,62.08,19.17,18.89,46.91,57.88,0.93
893,AkakiTsereteliave.105,TSRT,2017-07,16,61.04,20.67,20.84,49.90,64.12,0.89
894,AkakiTsereteliave.105,TSRT,2017-07,17,69.33,56.92,21.07,51.38,52.50,1.14
895,AkakiTsereteliave.105,TSRT,2017-07,18,61.92,22.67,*,*,84.88,0.84
896,AkakiTsereteliave.105,TSRT,2017-07,19,79.79,21.00,*,*,56.50,1.07
897,AkakiTsereteliave.105,TSRT,2017-07,20,58.17,24.75,20.84,52.34,63.12,0.88
898,AkakiTsereteliave.105,TSRT,2017-07,21,51.83,18.75,16.68,40.22,65.75,0.91
899,AkakiTsereteliave.105,TSRT,2017-07,22,70.29,15.00,17.64,47.59,66.38,0.82
900,AkakiTsereteliave.105,TSRT,2017-07,23,32.54,13.42,14.53,43.91,48.62,0.70
901,AkakiTsereteliave.105,TSRT,2017-07,24,48.00,46.38,11.50,42.29,67.50,0.99
902,AkakiTsereteliave.105,TSRT,2017-07,25,69.50,13.21,16.97,49.49,62.00,1.19
903,AkakiTsereteliave.105,TSRT,2017-07,26,63.96,13.96,19.01,49.99,67.50,1.11
904,AkakiTsereteliave.105,TSRT,2017-07,27,71.42,15.46,17.59,51.18,82.88,0.89
905,AkakiTsereteliave.105,TSRT,2017-07,28,75.67,17.04,20.28,61.27,80.38,1.06
906,AkakiTsereteliave.105,TSRT,2017-07,29,46.62,15.21,18.77,60.31,54.75,0.82
907,AkakiTsereteliave.105,TSRT,2017-07,30,40.83,12.38,13.64,52.38,74.88,0.78
908,AkakiTsereteliave.105,TSRT,2017-07,31,34.96,48.96,11.96,34.12,65.62,0.75
909,Varketili,VRKT,2017-07,1,24.12,8.33,9.27,21.19,*,0.55
910,Varketili,VRKT,2017-07,2,28.50,7.04,13.48,34.44,*,0.68
911,Varketili,VRKT,2017-07,3,34.75,8.62,14.91,37.36,*,0.80
912,Varketili,VRKT,2017-07,4,33.88,9.38,17.56,45.83,*,1.05
913,Varketili,VRKT,2017-07,5,8.38,41.71,14.28,42.22,*,0.60
914,Varketili,VRKT,2017-07,6,18.00,5.42,9.74,26.79,*,0.28
915,Varketili,VRKT,2017-07,7,22.71,5.92,9.03,19.49,*,0.45
916,Varketili,VRKT,2017-07,8,10.88,7.96,7.69,15.78,*,0.20
917,Varketili,VRKT,2017-07,9,21.33,6.96,8.73,17.33,*,0.35
918,Varketili,VRKT,2017-07,10,14.83,7.62,9.49,20.97,*,0.36
919,Varketili,VRKT,2017-07,11,18.17,6.42,10.74,30.67,*,0.35
920,Varketili,VRKT,2017-07,12,25.17,42.83,13.92,41.09,*,0.75
921,Varketili,VRKT,2017-07,13,21.67,5.92,11.89,39.39,*,0.39
922,Varketili,VRKT,2017-07,14,26.00,7.25,12.31,39.88,*,0.46
923,Varketili,VRKT,2017-07,15,27.75,8.58,12.95,40.75,*,0.64
924,Varketili,VRKT,2017-07,16,20.12,11.00,13.27,37.72,*,0.34
925,Varketili,VRKT,2017-07,17,32.79,8.17,13.79,42.44,*,0.54
926,Varketili,VRKT,2017-07,18,33.21,8.29,15.33,47.61,*,0.75
927,Varketili,VRKT,2017-07,19,44.00,43.33,17.08,54.57,*,0.96
928,Varketili,VRKT,2017-07,20,18.33,9.38,14.06,43.34,*,0.55
929,Varketili,VRKT,2017-07,21,18.08,9.83,9.68,28.08,*,0.35
930,Varketili,VRKT,2017-07,22,23.92,6.88,10.51,34.04,*,0.49
931,Varketili,VRKT,2017-07,23,10.58,6.17,10.54,37.25,*,0.49
932,Varketili,VRKT,2017-07,24,19.71,7.08,7.00,26.77,*,0.46
933,Varketili,VRKT,2017-07,25,22.33,9.00,12.82,37.98,*,0.51
934,Varketili,VRKT,2017-07,26,28.22,50.61,12.06,31.81,*,0.65
935,Varketili,VRKT,2017-07,27,27.25,15.96,15.88,44.56,*,0.66
936,Varketili,VRKT,2017-07,28,25.05,22.47,20.77,50.94,*,0.55
957,LadoAsatianistreet,KUTS,2017-08,4,*,*,15.15,37.65,*,*
958,LadoAsatianistreet,KUTS,2017-08,5,*,*,15.51,40.15,*,*
959,LadoAsatianistreet,KUTS,2017-08,6,*,*,17.68,43.71,*,*
960,LadoAsatianistreet,KUTS,2017-08,7,*,*,19.73,51.14,*,*
961,LadoAsatianistreet,KUTS,2017-08,8,*,*,18.19,48.28,*,*
962,LadoAsatianistreet,KUTS,2017-08,9,*,*,19.67,44.28,*,*
963,LadoAsatianistreet,KUTS,2017-08,10,*,*,19.35,43.72,*,*
964,LadoAsatianistreet,KUTS,2017-08,11,*,*,24.24,82.25,*,*
965,LadoAsatianistreet,KUTS,2017-08,12,*,*,25.25,90.60,*,*
966,LadoAsatianistreet,KUTS,2017-08,13,*,*,21.92,63.16,*,*
967,LadoAsatianistreet,KUTS,2017-08,14,*,*,21.07,54.17,*,*
968,LadoAsatianistreet,KUTS,2017-08,15,*,*,17.28,40.43,*,*
969,LadoAsatianistreet,KUTS,2017-08,16,*,*,13.86,34.32,*,*
970,LadoAsatianistreet,KUTS,2017-08,17,*,*,16.01,48.83,*,*
971,LadoAsatianistreet,KUTS,2017-08,18,*,*,16.78,42.96,*,*
972,LadoAsatianistreet,KUTS,2017-08,19,*,*,15.32,37.37,*,*
973,LadoAsatianistreet,KUTS,2017-08,20,*,*,16.45,50.80,*,*
974,LadoAsatianistreet,KUTS,2017-08,21,*,*,15.33,48.09,*,*
975,LadoAsatianistreet,KUTS,2017-08,22,*,*,17.66,57.29,*,*
976,LadoAsatianistreet,KUTS,2017-08,23,*,*,16.98,39.95,*,*
977,LadoAsatianistreet,KUTS,2017-08,24,*,*,10.94,27.97,*,*
978,LadoAsatianistreet,KUTS,2017-08,25,*,*,8.47,23.78,*,*
979,LadoAsatianistreet,KUTS,2017-08,26,*,*,10.06,26.93,*,*
980,LadoAsatianistreet,KUTS,2017-08,27,*,*,11.92,30.23,*,*
981,LadoAsatianistreet,KUTS,2017-08,28,*,*,16.65,41.75,*,*
982,LadoAsatianistreet,KUTS,2017-08,29,*,*,15.03,34.87,*,*
983,AkakiTsereteliave.105,TSRT,2017-08,1,59.04,16.33,14.18,46.52,59.75,1.06
984,AkakiTsereteliave.105,TSRT,2017-08,2,76.46,16.38,20.78,61.56,55.00,1.07
985,AkakiTsereteliave.105,TSRT,2017-08,3,69.04,16.42,21.96,60.79,62.50,0.89
986,AkakiTsereteliave.105,TSRT,2017-08,4,67.38,16.62,21.72,58.20,61.88,1.16
987,AkakiTsereteliave.105,TSRT,2017-08,15,53.81,57.76,*,*,*,*
988,AkakiTsereteliave.105,TSRT,2017-08,16,54.46,18.92,16.95,46.96,43.12,0.23
989,AkakiTsereteliave.105,TSRT,2017-08,17,72.71,19.42,19.72,51.75,36.38,0.29
990,AkakiTsereteliave.105,TSRT,2017-08,18,67.04,19.29,21.84,56.34,47.25,0.26
991,AkakiTsereteliave.105,TSRT,2017-08,19,65.21,19.29,21.43,56.73,36.62,0.26
992,AkakiTsereteliave.105,TSRT,2017-08,20,58.50,18.96,17.70,50.25,43.25,0.17
993,AkakiTsereteliave.105,TSRT,2017-08,21,71.04,55.58,*,*,33.50,0.26
994,AkakiTsereteliave.105,TSRT,2017-08,22,66.88,20.33,21.78,56.96,46.38,0.25
995,AkakiTsereteliave.105,TSRT,2017-08,23,60.54,21.71,24.60,59.94,53.00,0.21
996,AkakiTsereteliave.105,TSRT,2017-08,24,46.62,18.62,25.25,62.44,74.38,0.21
997,AkakiTsereteliave.105,TSRT,2017-08,25,46.92,18.58,26.43,76.86,59.75,0.20
998,AkakiTsereteliave.105,TSRT,2017-08,26,53.88,17.67,18.45,52.01,57.12,0.21
999,AkakiTsereteliave.105,TSRT,2017-08,27,60.92,17.88,20.29,56.82,51.75,0.20
1000,AkakiTsereteliave.105,TSRT,2017-08,28,58.92,53.96,23.00,56.71,65.62,0.28
1001,AkakiTsereteliave.105,TSRT,2017-08,29,66.42,19.12,24.39,59.27,68.88,0.26
1002,AkakiTsereteliave.105,TSRT,2017-08,30,47.04,18.00,23.65,62.25,62.62,0.24
1003,AkakiTsereteliave.105,TSRT,2017-08,31,44.92,17.62,18.46,48.45,60.38,0.23
1004,Varketili,VRKT,2017-08,2,20.96,41.96,15.66,47.15,*,0.68
1005,Varketili,VRKT,2017-08,3,23.17,8.71,17.27,45.12,*,0.40
1006,Varketili,VRKT,2017-08,4,28.17,8.88,17.61,47.39,*,0.49
1007,Varketili,VRKT,2017-08,15,16.95,9.15,*,*,*,*
1008,Varketili,VRKT,2017-08,16,15.08,42.29,12.15,32.08,*,0.47
1009,Varketili,VRKT,2017-08,17,22.92,7.79,12.98,35.29,*,0.40
1010,Varketili,VRKT,2017-08,18,33.92,7.50,16.53,41.38,*,0.54
1011,Varketili,VRKT,2017-08,19,27.04,8.67,16.95,44.00,*,0.62
1012,Varketili,VRKT,2017-08,20,19.75,7.42,12.21,37.78,*,0.31
1013,Varketili,VRKT,2017-08,21,28.12,7.67,10.71,33.68,*,0.38
1014,Varketili,VRKT,2017-08,22,32.88,8.96,12.45,36.99,*,0.53
1015,Varketili,VRKT,2017-08,23,29.42,43.92,16.40,48.13,*,1.15
1016,Varketili,VRKT,2017-08,24,18.79,9.58,10.98,44.40,*,0.50
1017,Varketili,VRKT,2017-08,25,17.46,8.62,21.00,80.19,*,0.50
1018,Varketili,VRKT,2017-08,26,20.67,7.92,12.89,43.89,*,0.45
1019,Varketili,VRKT,2017-08,27,20.54,7.58,15.09,43.97,*,0.55
1020,Varketili,VRKT,2017-08,28,29.46,7.00,16.43,46.45,*,0.42
1021,Varketili,VRKT,2017-08,29,30.88,10.42,19.39,51.27,*,0.82
1022,Varketili,VRKT,2017-08,30,17.21,43.54,*,*,*,0.47
1023,Varketili,VRKT,2017-08,31,16.00,9.00,*,*,*,0.36
1054,LadoAsatianistreet,KUTS,2017-09,1,*,*,9.88,23.59,*,*
1055,LadoAsatianistreet,KUTS,2017-09,2,*,*,8.02,19.56,*,*
1056,LadoAsatianistreet,KUTS,2017-09,3,*,*,9.46,22.84,*,*
1057,LadoAsatianistreet,KUTS,2017-09,4,*,*,14.60,36.96,*,*
1058,LadoAsatianistreet,KUTS,2017-09,5,*,*,17.45,43.96,*,*
1059,LadoAsatianistreet,KUTS,2017-09,6,*,*,13.82,33.74,*,*
1060,LadoAsatianistreet,KUTS,2017-09,7,*,*,11.54,24.65,*,*
1061,LadoAsatianistreet,KUTS,2017-09,8,*,*,9.25,23.71,*,*
1062,LadoAsatianistreet,KUTS,2017-09,9,*,*,11.64,40.68,*,*
1063,LadoAsatianistreet,KUTS,2017-09,10,*,*,12.96,37.78,*,*
1064,LadoAsatianistreet,KUTS,2017-09,11,*,*,14.81,37.25,*,*
1065,LadoAsatianistreet,KUTS,2017-09,12,*,*,15.95,48.30,*,*
1066,LadoAsatianistreet,KUTS,2017-09,13,*,*,18.02,50.62,*,*
1067,LadoAsatianistreet,KUTS,2017-09,14,*,*,26.74,61.22,*,*
1068,LadoAsatianistreet,KUTS,2017-09,15,*,*,27.71,72.42,*,*
1069,LadoAsatianistreet,KUTS,2017-09,16,*,*,22.77,59.95,*,*
1070,LadoAsatianistreet,KUTS,2017-09,17,*,*,26.23,59.14,*,*
1071,LadoAsatianistreet,KUTS,2017-09,21,*,*,21.00,59.55,*,*
1072,LadoAsatianistreet,KUTS,2017-09,22,*,*,22.44,69.98,*,*
1073,LadoAsatianistreet,KUTS,2017-09,23,*,*,26.30,65.26,*,*
1074,LadoAsatianistreet,KUTS,2017-09,26,*,*,17.71,48.77,*,*
1075,LadoAsatianistreet,KUTS,2017-09,27,*,*,20.90,56.60,*,*
1076,LadoAsatianistreet,KUTS,2017-09,28,*,*,14.97,29.96,*,*
1077,LadoAsatianistreet,KUTS,2017-09,29,*,*,7.55,20.14,*,*
1078,LadoAsatianistreet,KUTS,2017-09,30,*,*,5.69,24.77,*,*
1079,AkakiTsereteliave.105,TSRT,2017-09,1,30.04,18.67,14.90,43.05,64.00,0.24
1080,AkakiTsereteliave.105,TSRT,2017-09,2,*,17.04,13.48,42.00,56.00,0.21
1081,AkakiTsereteliave.105,TSRT,2017-09,3,*,17.54,11.17,32.07,48.75,0.21
1082,AkakiTsereteliave.105,TSRT,2017-09,4,27.08,54.21,21.32,60.74,80.00,0.26
1083,AkakiTsereteliave.105,TSRT,2017-09,5,26.42,97.25,26.78,74.15,73.00,0.29
1084,AkakiTsereteliave.105,TSRT,2017-09,6,27.83,121.92,26.91,67.53,45.75,0.29
1085,AkakiTsereteliave.105,TSRT,2017-09,7,12.92,39.04,24.44,88.44,57.38,0.26
1086,AkakiTsereteliave.105,TSRT,2017-09,8,19.83,8.50,14.11,75.55,73.00,0.26
1087,AkakiTsereteliave.105,TSRT,2017-09,9,30.42,9.54,18.79,43.97,80.12,0.25
1088,AkakiTsereteliave.105,TSRT,2017-09,10,29.50,10.12,23.86,44.68,83.38,0.23
1089,AkakiTsereteliave.105,TSRT,2017-09,11,34.87,46.62,21.66,41.31,50.75,1.01
1090,AkakiTsereteliave.105,TSRT,2017-09,12,48.46,31.17,20.36,50.68,50.62,1.31
1091,AkakiTsereteliave.105,TSRT,2017-09,13,75.29,17.29,22.42,52.63,67.25,1.21
1092,AkakiTsereteliave.105,TSRT,2017-09,14,81.96,21.67,29.18,67.39,72.25,1.74
1093,AkakiTsereteliave.105,TSRT,2017-09,15,89.83,19.58,34.34,80.11,36.50,1.86
1094,AkakiTsereteliave.105,TSRT,2017-09,16,71.25,18.00,27.16,65.44,66.12,1.14
1095,AkakiTsereteliave.105,TSRT,2017-09,17,59.75,17.71,24.07,61.27,47.38,0.95
1096,AkakiTsereteliave.105,TSRT,2017-09,18,77.46,54.17,24.39,64.04,38.38,1.23
1097,AkakiTsereteliave.105,TSRT,2017-09,19,87.25,18.50,26.35,67.96,35.75,1.38
1098,AkakiTsereteliave.105,TSRT,2017-09,20,81.58,19.33,27.84,71.92,65.12,1.48
1099,AkakiTsereteliave.105,TSRT,2017-09,21,91.12,19.54,28.25,71.41,42.25,1.41
1100,AkakiTsereteliave.105,TSRT,2017-09,22,86.50,20.12,30.76,76.02,32.75,1.65
1101,AkakiTsereteliave.105,TSRT,2017-09,23,63.33,19.12,28.71,69.53,48.12,1.12
1102,AkakiTsereteliave.105,TSRT,2017-09,24,62.62,18.25,25.16,62.42,58.75,1.16
1103,AkakiTsereteliave.105,TSRT,2017-09,25,59.67,53.17,20.89,63.55,44.50,1.19
1104,AkakiTsereteliave.105,TSRT,2017-09,26,52.25,18.25,27.82,85.74,36.62,1.12
1105,AkakiTsereteliave.105,TSRT,2017-09,27,35.88,16.67,22.65,67.41,53.12,1.04
1106,AkakiTsereteliave.105,TSRT,2017-09,28,56.29,17.17,*,*,20.12,1.94
1107,AkakiTsereteliave.105,TSRT,2017-09,29,54.71,15.62,*,*,16.38,1.44
1108,AkakiTsereteliave.105,TSRT,2017-09,30,45.12,16.12,*,*,24.12,1.43
1109,Varketili,VRKT,2017-09,1,16.42,8.75,10.13,33.40,*,0.36
1110,Varketili,VRKT,2017-09,2,14.42,8.62,10.06,33.94,*,0.36
1111,Varketili,VRKT,2017-09,3,21.58,7.79,8.69,26.13,*,0.59
1112,Varketili,VRKT,2017-09,4,42.92,8.96,19.21,55.46,*,1.10
1113,Varketili,VRKT,2017-09,5,38.96,8.83,22.29,72.11,*,1.05
1114,Varketili,VRKT,2017-09,6,16.42,44.08,16.94,56.26,*,0.68
1115,Varketili,VRKT,2017-09,7,12.46,8.21,13.04,61.08,*,0.38
1116,Varketili,VRKT,2017-09,8,18.92,8.88,7.48,46.85,*,0.42
1117,Varketili,VRKT,2017-09,9,46.42,8.92,12.69,36.94,*,0.75
1118,Varketili,VRKT,2017-09,10,46.46,9.33,20.15,54.46,*,1.30
1119,Varketili,VRKT,2017-09,11,27.33,10.04,15.40,41.76,*,0.57
1120,Varketili,VRKT,2017-09,12,19.54,8.96,12.81,34.51,*,0.57
1121,Varketili,VRKT,2017-09,13,39.08,56.54,19.26,47.17,*,1.16
1122,Varketili,VRKT,2017-09,14,32.79,13.04,23.06,47.03,*,0.55
1123,Varketili,VRKT,2017-09,15,49.04,12.96,25.12,51.97,*,0.82
1124,Varketili,VRKT,2017-09,16,36.33,12.08,22.61,51.14,*,1.01
1125,Varketili,VRKT,2017-09,17,35.88,13.08,21.30,50.88,*,0.64
1126,Varketili,VRKT,2017-09,18,44.88,13.67,21.74,52.37,*,0.85
1127,Varketili,VRKT,2017-09,19,44.62,13.17,21.21,50.83,*,1.01
1128,Varketili,VRKT,2017-09,20,53.08,48.12,22.59,52.82,*,1.01
1129,Varketili,VRKT,2017-09,21,53.58,14.54,27.11,64.26,*,1.24
1130,Varketili,VRKT,2017-09,22,40.92,15.33,21.32,53.58,*,0.56
1131,Varketili,VRKT,2017-09,23,18.42,13.33,22.77,53.77,*,0.53
1132,Varketili,VRKT,2017-09,24,24.54,13.79,17.62,44.53,*,0.39
1133,Varketili,VRKT,2017-09,25,22.75,13.00,18.68,53.06,*,0.40
1134,Varketili,VRKT,2017-09,26,19.04,10.92,20.64,62.47,*,0.39
1135,Varketili,VRKT,2017-09,27,16.79,43.25,15.81,43.93,*,0.51
1136,Varketili,VRKT,2017-09,28,20.75,7.83,9.66,19.57,*,0.35
1137,Varketili,VRKT,2017-09,29,24.33,7.54,5.21,11.23,*,0.34
1138,Varketili,VRKT,2017-09,30,29.12,9.00,9.86,21.37,*,0.42
1170,LadoAsatianistreet,KUTS,2017-10,1,*,*,9.14,23.03,*,*
1171,LadoAsatianistreet,KUTS,2017-10,2,*,*,15.08,31.93,*,*
1172,LadoAsatianistreet,KUTS,2017-10,3,*,*,10.23,19.43,*,*
1173,LadoAsatianistreet,KUTS,2017-10,4,*,*,11.30,26.60,*,*
1174,LadoAsatianistreet,KUTS,2017-10,5,*,*,9.38,37.06,*,*
1175,LadoAsatianistreet,KUTS,2017-10,6,*,*,7.69,28.18,*,*
1176,LadoAsatianistreet,KUTS,2017-10,7,*,*,11.28,33.16,*,*
1177,LadoAsatianistreet,KUTS,2017-10,8,*,*,17.18,40.81,*,*
1178,LadoAsatianistreet,KUTS,2017-10,9,*,*,15.18,40.77,*,*
1179,LadoAsatianistreet,KUTS,2017-10,10,*,*,12.51,28.59,*,*
1180,LadoAsatianistreet,KUTS,2017-10,11,*,*,6.56,11.79,*,*
1181,LadoAsatianistreet,KUTS,2017-10,12,*,*,12.55,26.92,*,*
1182,LadoAsatianistreet,KUTS,2017-10,13,*,*,13.87,31.47,*,*
1183,LadoAsatianistreet,KUTS,2017-10,14,*,*,14.19,43.47,*,*
1184,LadoAsatianistreet,KUTS,2017-10,15,*,*,10.79,25.83,*,*
1185,LadoAsatianistreet,KUTS,2017-10,16,*,*,5.53,8.82,*,*
1186,LadoAsatianistreet,KUTS,2017-10,17,*,*,6.39,13.31,*,*
1187,LadoAsatianistreet,KUTS,2017-10,18,*,*,9.08,18.36,*,*
1188,LadoAsatianistreet,KUTS,2017-10,19,*,*,18.34,51.22,*,*
1189,LadoAsatianistreet,KUTS,2017-10,20,*,*,20.57,54.71,*,*
1190,LadoAsatianistreet,KUTS,2017-10,21,*,*,22.29,58.29,*,*
1191,LadoAsatianistreet,KUTS,2017-10,22,*,*,21.10,50.91,*,*
1192,LadoAsatianistreet,KUTS,2017-10,23,*,*,20.53,42.71,*,*
1193,LadoAsatianistreet,KUTS,2017-10,24,*,*,20.37,48.32,*,*
1194,LadoAsatianistreet,KUTS,2017-10,25,*,*,19.44,48.66,*,*
1195,LadoAsatianistreet,KUTS,2017-10,26,*,*,32.80,84.08,*,*
1196,LadoAsatianistreet,KUTS,2017-10,27,*,*,24.79,54.36,*,*
1197,LadoAsatianistreet,KUTS,2017-10,28,*,*,16.12,40.81,*,*
1198,LadoAsatianistreet,KUTS,2017-10,29,*,*,13.73,35.99,*,*
1199,AkakiTsereteliave.105,TSRT,2017-10,1,52.25,18.25,*,*,12.75,1.05
1200,AkakiTsereteliave.105,TSRT,2017-10,2,63.88,56.58,*,*,7.88,3.05
1201,AkakiTsereteliave.105,TSRT,2017-10,3,49.08,19.04,*,*,31.62,2.50
1202,AkakiTsereteliave.105,TSRT,2017-10,4,42.50,14.42,14.52,35.07,23.88,1.25
1203,AkakiTsereteliave.105,TSRT,2017-10,5,35.92,13.42,12.64,29.54,34.88,0.91
1204,AkakiTsereteliave.105,TSRT,2017-10,6,49.96,20.17,17.37,47.69,31.50,1.01
1205,AkakiTsereteliave.105,TSRT,2017-10,7,56.25,23.50,22.52,57.46,42.50,1.26
1206,AkakiTsereteliave.105,TSRT,2017-10,8,61.17,28.29,28.87,67.58,49.25,1.99
1207,AkakiTsereteliave.105,TSRT,2017-10,9,64.17,73.46,29.76,74.71,29.75,2.10
1208,AkakiTsereteliave.105,TSRT,2017-10,10,58.83,32.92,24.42,62.11,44.12,1.64
1209,AkakiTsereteliave.105,TSRT,2017-10,11,59.71,25.71,17.72,36.80,30.50,1.59
1210,AkakiTsereteliave.105,TSRT,2017-10,12,52.67,27.12,16.42,46.45,33.88,1.68
1211,AkakiTsereteliave.105,TSRT,2017-10,13,65.50,31.33,17.56,48.15,34.38,2.08
1212,AkakiTsereteliave.105,TSRT,2017-10,14,57.83,30.12,25.71,67.47,34.38,2.20
1213,AkakiTsereteliave.105,TSRT,2017-10,15,44.96,23.33,16.02,46.14,54.62,0.94
1214,AkakiTsereteliave.105,TSRT,2017-10,24,54.92,23.88,26.24,56.52,31.88,1.94
1215,AkakiTsereteliave.105,TSRT,2017-10,25,62.67,24.04,29.20,62.41,19.38,2.01
1216,AkakiTsereteliave.105,TSRT,2017-10,26,64.83,31.71,47.98,109.61,19.12,2.83
1217,AkakiTsereteliave.105,TSRT,2017-10,27,56.50,26.21,32.80,86.60,38.38,1.29
1218,AkakiTsereteliave.105,TSRT,2017-10,28,56.08,25.50,20.83,47.60,21.62,1.23
1219,AkakiTsereteliave.105,TSRT,2017-10,29,66.33,26.75,31.20,61.64,14.00,1.69
1220,AkakiTsereteliave.105,TSRT,2017-10,30,78.08,59.29,37.59,79.59,21.12,3.31
1221,AkakiTsereteliave.105,TSRT,2017-10,31,49.17,14.50,23.00,60.64,51.12,1.44
1222,Varketili,VRKT,2017-10,1,40.21,9.21,11.75,25.54,*,0.89
1223,Varketili,VRKT,2017-10,2,31.71,9.88,13.43,25.76,*,0.89
1224,Varketili,VRKT,2017-10,3,24.46,8.96,9.04,15.12,*,0.45
1225,Varketili,VRKT,2017-10,4,23.38,41.12,6.70,13.45,*,0.56
1226,Varketili,VRKT,2017-10,5,27.50,6.42,8.39,17.00,*,0.62
1227,Varketili,VRKT,2017-10,6,42.25,9.71,16.85,38.62,*,0.93
1228,Varketili,VRKT,2017-10,7,46.54,10.96,21.37,50.24,*,1.20
1229,Varketili,VRKT,2017-10,8,46.33,12.71,27.19,58.05,*,1.65
1230,Varketili,VRKT,2017-10,9,32.54,14.83,22.78,50.96,*,1.45
1231,Varketili,VRKT,2017-10,10,27.92,13.38,13.81,30.15,*,0.49
1232,Varketili,VRKT,2017-10,11,17.46,46.92,7.15,12.94,*,0.66
1233,Varketili,VRKT,2017-10,12,21.29,12.92,7.18,13.77,*,0.38
1234,Varketili,VRKT,2017-10,13,20.96,15.12,7.33,14.76,*,0.40
1235,Varketili,VRKT,2017-10,14,34.50,12.71,11.12,21.95,*,0.57
1236,Varketili,VRKT,2017-10,15,12.08,10.71,10.18,19.57,*,0.29
1237,Varketili,VRKT,2017-10,16,19.58,9.46,4.64,9.53,*,0.40
1238,Varketili,VRKT,2017-10,17,9.42,8.08,5.68,12.79,*,0.29
1239,Varketili,VRKT,2017-10,18,22.42,46.71,6.40,14.10,*,1.02
1240,Varketili,VRKT,2017-10,19,48.12,11.33,18.65,37.11,*,1.50
1241,Varketili,VRKT,2017-10,20,39.71,13.17,25.39,48.01,*,1.34
1242,Varketili,VRKT,2017-10,21,45.12,12.25,29.29,54.38,*,1.66
1243,Varketili,VRKT,2017-10,22,28.21,13.71,27.85,49.07,*,1.34
1244,Varketili,VRKT,2017-10,23,29.88,13.25,13.64,24.02,*,0.97
1245,Varketili,VRKT,2017-10,24,33.67,9.33,19.34,35.34,*,1.24
1246,Varketili,VRKT,2017-10,25,48.92,45.08,24.57,43.62,*,1.75
1247,Varketili,VRKT,2017-10,26,40.83,15.38,36.64,68.17,*,2.26
1248,Varketili,VRKT,2017-10,27,16.50,13.71,23.72,46.82,*,0.34
1249,Varketili,VRKT,2017-10,28,35.21,8.42,12.22,22.94,*,0.78
1250,Varketili,VRKT,2017-10,29,48.17,12.46,27.38,49.53,*,1.00
1251,Varketili,VRKT,2017-10,30,60.29,13.12,25.52,49.74,*,1.70
1252,Varketili,VRKT,2017-10,31,11.92,9.92,15.55,34.06,*,0.60
1283,LadoAsatianistreet,KUTS,2017-11,1,*,*,9.02,11.99,*,*
1284,LadoAsatianistreet,KUTS,2017-11,2,*,*,10.89,20.28,*,*
1285,LadoAsatianistreet,KUTS,2017-11,3,*,*,15.87,52.25,*,*
1286,LadoAsatianistreet,KUTS,2017-11,4,*,*,20.31,63.82,*,*
1287,LadoAsatianistreet,KUTS,2017-11,5,*,*,23.59,57.80,*,*
1288,LadoAsatianistreet,KUTS,2017-11,6,*,*,25.15,70.79,*,*
1289,LadoAsatianistreet,KUTS,2017-11,7,*,*,26.64,64.55,*,*
1290,LadoAsatianistreet,KUTS,2017-11,8,*,*,25.75,50.87,*,*
1291,LadoAsatianistreet,KUTS,2017-11,9,*,*,19.89,39.89,*,*
1292,LadoAsatianistreet,KUTS,2017-11,10,*,*,28.79,56.52,*,*
1293,LadoAsatianistreet,KUTS,2017-11,11,*,*,25.70,54.57,*,*
1294,LadoAsatianistreet,KUTS,2017-11,12,*,*,27.09,76.78,*,*
1295,LadoAsatianistreet,KUTS,2017-11,13,*,*,24.35,71.26,*,*
1296,LadoAsatianistreet,KUTS,2017-11,14,*,*,25.99,73.08,*,*
1297,LadoAsatianistreet,KUTS,2017-11,15,*,*,22.99,63.21,*,*
1298,LadoAsatianistreet,KUTS,2017-11,16,*,*,40.46,79.95,*,*
1299,LadoAsatianistreet,KUTS,2017-11,17,*,*,40.54,80.77,*,*
1300,LadoAsatianistreet,KUTS,2017-11,18,*,*,30.83,73.84,*,*
1301,LadoAsatianistreet,KUTS,2017-11,19,*,*,20.40,45.26,*,*
1302,LadoAsatianistreet,KUTS,2017-11,20,*,*,29.39,59.39,*,*
1303,LadoAsatianistreet,KUTS,2017-11,21,*,*,27.32,61.50,*,*
1304,LadoAsatianistreet,KUTS,2017-11,22,*,*,11.25,29.99,*,*
1305,LadoAsatianistreet,KUTS,2017-11,23,*,*,7.82,16.12,*,*
1306,LadoAsatianistreet,KUTS,2017-11,24,*,*,13.67,16.57,*,*
1307,LadoAsatianistreet,KUTS,2017-11,25,*,*,20.35,25.15,*,*
1308,LadoAsatianistreet,KUTS,2017-11,26,*,*,23.76,52.90,*,*
1309,LadoAsatianistreet,KUTS,2017-11,27,*,*,21.20,59.88,*,*
1310,LadoAsatianistreet,KUTS,2017-11,28,*,*,30.71,75.23,*,*
1311,LadoAsatianistreet,KUTS,2017-11,29,*,*,25.73,70.90,*,*
1312,LadoAsatianistreet,KUTS,2017-11,30,*,*,24.22,41.65,*,*
1313,AkakiTsereteliave.105,TSRT,2017-11,1,55.00,16.12,13.15,32.69,44.38,1.81
1314,AkakiTsereteliave.105,TSRT,2017-11,2,63.29,14.54,15.22,36.43,46.50,1.91
1315,AkakiTsereteliave.105,TSRT,2017-11,3,77.46,17.79,23.49,50.34,16.75,2.75
1316,AkakiTsereteliave.105,TSRT,2017-11,4,80.50,20.75,41.35,80.78,10.38,3.09
1317,AkakiTsereteliave.105,TSRT,2017-11,5,75.62,25.96,42.12,81.31,19.50,3.04
1318,AkakiTsereteliave.105,TSRT,2017-11,8,56.67,18.67,*,*,2.88,1.99
1319,AkakiTsereteliave.105,TSRT,2017-11,9,62.21,18.25,*,*,1.25,2.33
1320,AkakiTsereteliave.105,TSRT,2017-11,10,52.83,18.62,*,*,7.12,1.89
1321,AkakiTsereteliave.105,TSRT,2017-11,11,41.29,18.12,26.92,69.95,9.62,1.49
1322,AkakiTsereteliave.105,TSRT,2017-11,12,49.38,20.50,29.32,74.38,16.50,2.76
1323,AkakiTsereteliave.105,TSRT,2017-11,13,61.83,56.25,43.22,103.22,17.75,3.25
1324,AkakiTsereteliave.105,TSRT,2017-11,14,51.33,20.38,40.66,90.16,18.12,2.85
1325,AkakiTsereteliave.105,TSRT,2017-11,15,55.92,21.04,39.22,82.29,15.25,1.91
1326,AkakiTsereteliave.105,TSRT,2017-11,16,65.42,20.92,33.02,85.85,22.62,2.14
1327,AkakiTsereteliave.105,TSRT,2017-11,17,49.88,32.21,41.69,90.46,27.25,2.38
1328,AkakiTsereteliave.105,TSRT,2017-11,18,43.92,48.00,36.26,63.73,31.88,1.21
1329,AkakiTsereteliave.105,TSRT,2017-11,19,59.83,44.67,39.09,71.70,10.00,2.64
1330,AkakiTsereteliave.105,TSRT,2017-11,20,70.25,86.08,65.29,108.92,4.62,3.04
1331,AkakiTsereteliave.105,TSRT,2017-11,21,76.62,58.96,61.75,121.77,3.00,3.70
1332,AkakiTsereteliave.105,TSRT,2017-11,22,33.83,43.67,48.70,105.00,36.12,3.88
1333,AkakiTsereteliave.105,TSRT,2017-11,23,42.29,30.58,16.27,28.56,40.38,1.16
1334,AkakiTsereteliave.105,TSRT,2017-11,24,56.38,25.58,19.16,31.01,26.75,1.50
1335,AkakiTsereteliave.105,TSRT,2017-11,25,58.25,27.96,18.43,38.78,30.88,1.59
1336,AkakiTsereteliave.105,TSRT,2017-11,26,63.42,26.71,23.00,44.78,21.62,1.95
1337,AkakiTsereteliave.105,TSRT,2017-11,27,64.79,65.67,33.41,57.94,16.00,2.25
1338,AkakiTsereteliave.105,TSRT,2017-11,28,59.67,31.75,32.59,54.78,21.75,1.91
1339,AkakiTsereteliave.105,TSRT,2017-11,29,54.92,33.17,47.78,71.28,18.75,1.75
1340,AkakiTsereteliave.105,TSRT,2017-11,30,64.29,38.83,39.99,60.78,20.50,1.73
1341,Varketili,VRKT,2017-11,1,12.96,42.58,4.83,8.93,*,0.45
1342,Varketili,VRKT,2017-11,2,18.79,6.71,4.55,8.90,*,0.41
1343,Varketili,VRKT,2017-11,3,40.54,7.62,8.02,14.82,*,1.19
1344,Varketili,VRKT,2017-11,4,56.62,8.46,20.53,37.36,*,1.43
1345,Varketili,VRKT,2017-11,5,42.39,12.57,25.74,44.50,*,1.35
1346,Varketili,VRKT,2017-11,6,63.73,9.45,37.50,63.77,*,1.46
1347,Varketili,VRKT,2017-11,8,39.88,45.79,*,*,*,1.19
1348,Varketili,VRKT,2017-11,9,47.33,9.38,40.49,59.38,*,0.89
1349,Varketili,VRKT,2017-11,10,30.25,9.46,15.19,23.07,*,0.76
1350,Varketili,VRKT,2017-11,11,34.50,9.12,24.37,44.74,*,1.01
1351,Varketili,VRKT,2017-11,12,36.67,13.04,23.59,51.59,*,1.29
1352,Varketili,VRKT,2017-11,13,42.83,13.25,26.54,61.38,*,1.59
1353,Varketili,VRKT,2017-11,14,45.00,9.46,32.27,64.02,*,1.52
1354,Varketili,VRKT,2017-11,15,30.38,48.04,39.89,70.70,*,1.21
1355,Varketili,VRKT,2017-11,16,41.88,14.12,26.02,49.69,*,1.25
1356,Varketili,VRKT,2017-11,17,34.88,11.33,44.60,81.73,*,1.38
1357,Varketili,VRKT,2017-11,18,37.21,9.88,44.08,71.41,*,1.45
1358,Varketili,VRKT,2017-11,19,46.29,10.71,39.02,69.11,*,1.94
1359,Varketili,VRKT,2017-11,20,55.08,12.62,43.16,74.84,*,2.26
1360,Varketili,VRKT,2017-11,21,66.58,14.67,39.55,73.83,*,2.15
1361,Varketili,VRKT,2017-11,22,14.50,45.00,34.88,69.85,*,2.30
1362,Varketili,VRKT,2017-11,23,22.00,7.46,6.67,11.70,*,0.49
1363,Varketili,VRKT,2017-11,24,23.92,5.71,8.22,13.17,*,0.42
1364,Varketili,VRKT,2017-11,25,21.17,5.67,7.97,13.75,*,0.40
1365,Varketili,VRKT,2017-11,26,37.17,6.38,10.23,16.56,*,1.14
1366,Varketili,VRKT,2017-11,27,37.71,7.25,23.58,35.67,*,1.20
1367,Varketili,VRKT,2017-11,28,47.33,6.96,27.31,39.50,*,0.89
1368,Varketili,VRKT,2017-11,29,46.21,40.79,49.59,71.49,*,1.04
1369,Varketili,VRKT,2017-11,30,29.79,10.00,38.77,54.26,*,1.14
1432,LadoAsatianistreet,KUTS,2017-12,1,*,*,28.00,52.34,*,*
1433,LadoAsatianistreet,KUTS,2017-12,2,*,*,16.43,44.86,*,*
1434,LadoAsatianistreet,KUTS,2017-12,3,*,*,19.73,40.00,*,*
1435,LadoAsatianistreet,KUTS,2017-12,4,*,*,20.22,39.02,*,*
1436,LadoAsatianistreet,KUTS,2017-12,5,*,*,29.43,61.66,*,*
1437,LadoAsatianistreet,KUTS,2017-12,6,*,*,42.65,75.90,*,*
1438,LadoAsatianistreet,KUTS,2017-12,7,*,*,11.32,23.08,*,*
1439,LadoAsatianistreet,KUTS,2017-12,8,*,*,16.48,23.24,*,*
1440,LadoAsatianistreet,KUTS,2017-12,9,*,*,13.50,22.56,*,*
1441,LadoAsatianistreet,KUTS,2017-12,10,*,*,20.40,53.74,*,*
1442,LadoAsatianistreet,KUTS,2017-12,11,*,*,24.27,49.25,*,*
1443,LadoAsatianistreet,KUTS,2017-12,12,*,*,22.52,40.29,*,*
1444,LadoAsatianistreet,KUTS,2017-12,13,*,*,25.41,69.48,*,*
1445,LadoAsatianistreet,KUTS,2017-12,14,*,*,26.44,62.27,*,*
1446,LadoAsatianistreet,KUTS,2017-12,15,*,*,32.57,64.36,*,*
1447,LadoAsatianistreet,KUTS,2017-12,16,*,*,50.73,96.90,*,*
1448,LadoAsatianistreet,KUTS,2017-12,17,*,*,22.02,58.43,*,*
1449,LadoAsatianistreet,KUTS,2017-12,18,*,*,28.41,60.69,*,*
1450,LadoAsatianistreet,KUTS,2017-12,19,*,*,40.29,89.62,*,*
1451,LadoAsatianistreet,KUTS,2017-12,20,*,*,34.62,67.26,*,*
1452,LadoAsatianistreet,KUTS,2017-12,21,*,*,46.44,70.96,*,*
1453,LadoAsatianistreet,KUTS,2017-12,22,*,*,34.20,54.41,*,*
1454,LadoAsatianistreet,KUTS,2017-12,23,*,*,18.26,22.79,*,*
1455,LadoAsatianistreet,KUTS,2017-12,24,*,*,8.62,11.15,*,*
1456,LadoAsatianistreet,KUTS,2017-12,25,*,*,13.12,15.22,*,*
1457,LadoAsatianistreet,KUTS,2017-12,26,*,*,12.23,16.17,*,*
1458,LadoAsatianistreet,KUTS,2017-12,27,*,*,16.04,40.30,*,*
1459,LadoAsatianistreet,KUTS,2017-12,28,*,*,13.44,53.92,*,*
1460,LadoAsatianistreet,KUTS,2017-12,29,*,*,21.65,67.49,*,*
1461,LadoAsatianistreet,KUTS,2017-12,30,*,*,25.22,80.23,*,*
1462,LadoAsatianistreet,KUTS,2017-12,31,*,*,27.52,65.78,*,*
1463,AkakiTsereteliave.105,TSRT,2017-12,1,57.67,38.58,33.00,60.76,8.75,1.86
1464,AkakiTsereteliave.105,TSRT,2017-12,2,48.46,38.29,56.92,83.84,10.00,0.96
1465,AkakiTsereteliave.105,TSRT,2017-12,3,58.88,36.79,41.31,59.33,14.12,1.46
1466,AkakiTsereteliave.105,TSRT,2017-12,4,57.75,74.21,32.66,51.86,16.12,1.66
1467,AkakiTsereteliave.105,TSRT,2017-12,5,68.54,42.00,59.78,95.13,5.50,2.77
1468,AkakiTsereteliave.105,TSRT,2017-12,6,50.92,38.08,65.71,104.08,31.25,3.19
1469,AkakiTsereteliave.105,TSRT,2017-12,7,42.08,26.67,13.97,32.74,53.00,1.19
1470,AkakiTsereteliave.105,TSRT,2017-12,8,55.62,25.21,17.32,32.25,24.00,2.20
1471,AkakiTsereteliave.105,TSRT,2017-12,9,36.62,33.00,13.83,28.38,40.88,0.97
1472,AkakiTsereteliave.105,TSRT,2017-12,10,39.25,27.58,19.33,35.45,30.12,1.90
1473,AkakiTsereteliave.105,TSRT,2017-12,11,62.62,64.79,39.28,75.26,22.25,2.34
1474,AkakiTsereteliave.105,TSRT,2017-12,12,68.75,34.25,25.14,56.15,30.38,2.42
1475,AkakiTsereteliave.105,TSRT,2017-12,13,67.79,33.62,50.10,92.41,8.25,2.77
1476,AkakiTsereteliave.105,TSRT,2017-12,14,61.50,28.12,54.06,91.45,11.38,2.12
1477,AkakiTsereteliave.105,TSRT,2017-12,15,62.62,29.08,42.76,68.86,20.25,1.52
1478,AkakiTsereteliave.105,TSRT,2017-12,16,64.00,26.92,*,*,11.38,2.17
1479,AkakiTsereteliave.105,TSRT,2017-12,17,68.08,31.04,*,*,9.00,2.95
1480,AkakiTsereteliave.105,TSRT,2017-12,18,70.21,70.21,*,*,11.50,2.65
1481,AkakiTsereteliave.105,TSRT,2017-12,19,65.38,38.62,*,*,7.88,3.42
1482,AkakiTsereteliave.105,TSRT,2017-12,20,62.33,39.50,38.82,75.82,4.38,1.81
1483,AkakiTsereteliave.105,TSRT,2017-12,21,59.38,41.00,62.96,95.01,3.50,2.34
1484,AkakiTsereteliave.105,TSRT,2017-12,22,48.79,38.42,44.23,76.32,12.88,2.14
1485,AkakiTsereteliave.105,TSRT,2017-12,23,47.54,33.25,20.89,40.99,14.75,1.40
1486,AkakiTsereteliave.105,TSRT,2017-12,24,39.88,29.17,19.61,31.68,31.88,1.45
1487,AkakiTsereteliave.105,TSRT,2017-12,25,45.88,61.42,11.06,31.16,45.25,1.27
1488,AkakiTsereteliave.105,TSRT,2017-12,26,47.08,32.71,12.43,33.72,47.00,1.61
1489,AkakiTsereteliave.105,TSRT,2017-12,27,66.54,32.42,27.62,57.11,11.25,2.46
1490,AkakiTsereteliave.105,TSRT,2017-12,28,75.25,34.21,46.20,87.38,2.88,2.73
1491,AkakiTsereteliave.105,TSRT,2017-12,29,82.50,35.71,57.73,108.74,5.50,3.01
1492,AkakiTsereteliave.105,TSRT,2017-12,30,78.25,39.58,52.09,101.08,4.12,3.17
1493,AkakiTsereteliave.105,TSRT,2017-12,31,63.29,38.54,51.80,83.44,4.25,2.06
1494,Varketili,VRKT,2017-12,1,41.25,7.38,27.75,43.27,*,0.93
1495,Varketili,VRKT,2017-12,2,33.50,7.08,69.05,103.81,*,0.93
1496,Varketili,VRKT,2017-12,3,38.29,7.50,54.22,76.32,*,0.70
1497,Varketili,VRKT,2017-12,4,46.00,10.08,37.90,55.67,*,1.30
1498,Varketili,VRKT,2017-12,5,53.38,13.04,64.88,95.45,*,1.88
1499,Varketili,VRKT,2017-12,6,25.54,47.62,52.19,73.49,*,1.32
1500,Varketili,VRKT,2017-12,7,16.75,8.62,10.02,17.35,*,0.41
1501,Varketili,VRKT,2017-12,8,17.71,7.67,6.36,11.83,*,0.42
1502,Varketili,VRKT,2017-12,9,20.92,9.21,6.35,11.72,*,0.46
1503,Varketili,VRKT,2017-12,10,29.42,8.88,20.65,31.32,*,0.64
1504,Varketili,VRKT,2017-12,11,25.88,8.88,24.08,35.83,*,0.66
1505,Varketili,VRKT,2017-12,12,46.21,10.12,11.91,23.32,*,2.09
1506,Varketili,VRKT,2017-12,13,51.96,44.38,42.73,76.14,*,2.55
1507,Varketili,VRKT,2017-12,14,43.08,7.17,57.04,79.60,*,0.96
1508,Varketili,VRKT,2017-12,15,40.62,8.50,57.91,81.49,*,1.50
1509,Varketili,VRKT,2017-12,16,56.12,9.54,50.02,73.21,*,2.35
1510,Varketili,VRKT,2017-12,17,53.67,10.50,58.52,92.41,*,3.05
1511,Varketili,VRKT,2017-12,18,52.67,11.04,*,*,*,1.02
1512,Varketili,VRKT,2017-12,19,37.38,12.29,*,*,*,1.00
1513,Varketili,VRKT,2017-12,20,36.33,45.58,*,*,*,0.95
1514,Varketili,VRKT,2017-12,21,40.92,11.17,*,*,*,1.41
1515,Varketili,VRKT,2017-12,22,26.04,9.83,33.19,45.56,*,0.65
1516,Varketili,VRKT,2017-12,23,30.33,7.79,15.57,22.24,*,0.85
1517,Varketili,VRKT,2017-12,24,15.96,8.67,14.88,20.74,*,0.82
1518,Varketili,VRKT,2017-12,25,12.75,7.83,4.77,9.91,*,0.33
1519,Varketili,VRKT,2017-12,26,19.29,10.92,3.96,8.86,*,0.45
1520,Varketili,VRKT,2017-12,27,42.46,43.92,17.84,30.12,*,2.05
1521,Varketili,VRKT,2017-12,28,46.67,10.33,32.55,55.61,*,2.08
1522,Varketili,VRKT,2017-12,29,40.29,11.21,24.19,34.44,*,0.82
1523,Varketili,VRKT,2017-12,30,50.67,10.92,23.28,34.04,*,1.05
1524,Varketili,VRKT,2017-12,31,49.38,9.88,37.10,52.90,*,1.27
